"Cod_Capital","DP","DPNOM","Nom_Capital","Year","Poblacion_Mun","Poblacion_Depto","Poblacion_DeptoH","Poblacion_DeptoM","Pob40_Depto","Pob40H_Depto","Pob40M_Depto","Tabaquismo","TabacoTasa","Muertes_H","Muertes_M","Muertes_Total","Tasa_Mort","Muerte_40","Tasa_40_Mort","A - AMBULATORIO","H - HOSPITALARIO","U - EN URGENCIA","N - NO APLICA","Pacientes","patients_rate","Dx_Confirmado","Espiro","Espiro_Tasa","Consulta","ConsultaTasa","Procedimientos","Urgencias","Hospitalizacion","HospitaTasa","total_prevalence","lethality_rate","Espiro_Nal","spirometry_rate","Espiro_Deficit","biomass_stove_usage","multidimensional_poverty_index","pop_over_40_percent","spirometry_score","lethality_score","access_score","bias_index_score","adjustment_factor"
91001,91,"Amazonas","Leticia","2020",50950,80472,41631,38841,19043,9709,9334,0.0666666666666667,6666.66666666667,1,2,3,3.73,3,15.7538203014231,24,2,3,103,112,139.178844815588,30,1,1.24266825728204,98,121.78148921364,28,15,10,12.4266825728204,0.00588142624586462,2678.57142857143,163,202.554925936972,902.525074063028,0.869,0.149,0.236641316234218,0.816705644897227,0,0.285676960347366,1.10238260524459,2.10238260524459
91001,91,"Amazonas","Leticia","2021",52226,82171,42362,39809,19644,9943,9701,0.0645161290322581,6451.61290322581,11,4,15,18.25,15,76.3591936469151,9,6,4,58,63,76.669384576067,14,0,0,54,65.7166153509146,14,4,10,12.1697435835027,0.00320708613317043,23809.5238095238,48,58.4147692008129,1046.66523079919,0.564,0.143,0.239062442954327,0.947139782458453,1.80130668653973,0.606501204179135,3.35494767317732,4.35494767317732
91001,91,"Amazonas","Leticia","2022",53201,83690,42977,40713,20232,10159,10073,0.078125,7812.5,4,6,10,11.95,10,49.4266508501384,14,17,6,125,133,158.919823156889,13,0,0,116,138.606763054128,30,6,23,27.4823754331461,0.00657374456306841,7518.7969924812,40,47.7954355359063,1057.28456446409,0.622,0.107,0.241749312940614,0.956749343453952,0,0.184358145169964,1.14110748862392,2.14110748862392
91001,91,"Amazonas","Leticia","2023",54110,85056,43532,41524,20798,10378,10420,0.0606060606060606,6060.60606060606,5,1,6,7.05,6,28.8489277815175,21,6,13,119,137,161.07035364936,18,4,4.70278404815651,116,136.380737396539,37,7,18,21.1625282167043,0.00658717184344649,4379.56204379562,46,54.0820165537998,1050.9979834462,0.67,0.095,0.244521256583898,0.951060541722047,0,0.173320738728755,1.1243812804508,2.1243812804508
5001,5,"Antioquia","Medellín","2020",2519592,6649401,3211901,3437500,2553115,1152264,1400851,0.0832759807295251,8327.59807295251,1074,1052,2126,31.97,2109,82.6049747073673,20788,1008,1794,37091,46954,706.138793554487,13036,3183,47.8689734609178,36268,545.432588589559,22700,3149,2741,41.2217581703976,0.0183908676264093,4527.83575414235,12927,194.408488824783,910.671511175217,0.948,0.141,0.383961653087248,0.824077452469701,0,0,0.824077452469701,1.8240774524697
5001,5,"Antioquia","Medellín","2021",2549008,6726219,3247822,3478397,2616193,1179898,1436295,0.0913731495661052,9137.31495661052,1070,1260,2330,34.64,2309,88.2580146036626,26620,757,727,35198,48311,718.24898951402,12848,5360,79.6881576410165,34490,512.769506910197,27648,2062,2580,38.357359461534,0.0184661452729214,4822.91817598477,16464,244.77347526151,860.30652473849,0.936,0.155,0.388954477991276,0.778501578834555,0,0,0.778501578834555,1.77850157883456
5001,5,"Antioquia","Medellín","2022",2572350,6787846,3276175,3511671,2675125,1205725,1469400,0.0764490339773484,7644.90339773484,1302,1479,2781,40.97,2765,103.359656090837,13993,1430,1907,38922,43411,639.540142778725,19525,6686,98.4995829310211,38167,562.284412463099,16080,3735,4342,63.9672732704896,0.0162276529134153,6406.2104075004,47211,695.522556050918,409.557443949082,0.889,0.102,0.394105140275722,0.370613389029828,0,0,0.370613389029828,1.37061338902983
5001,5,"Antioquia","Medellín","2023",2595300,6848360,3304483,3543877,2737800,1233827,1503973,0.0658045506629563,6580.45506629563,1287,1382,2669,38.97,2657,97.0487252538535,13145,1409,2181,42524,47365,691.625440251389,20084,1939,28.313348013247,41889,611.664690524447,15389,4277,4847,70.7760690150635,0.017300387172182,5634.96252507126,39628,578.649486884451,526.430513115549,0.931,0.12,0.399774544562494,0.476373215618371,0,0,0.476373215618371,1.47637321561837
81001,81,"Arauca","Arauca","2020",93457,291252,146443,144809,86704,42950,43754,0.0334728033472803,3347.28033472803,35,17,52,17.85,49,56.5141169957557,59,2,8,652,671,230.384684053672,158,12,4.12014338098966,624,214.247455811462,68,87,55,18.8839904962026,0.0077389739804392,7749.62742175857,299,102.660239242992,1002.41976075701,0.952,0.075,0.297694093087773,0.907101531795895,0,0,0.907101531795895,1.9071015317959
81001,81,"Arauca","Arauca","2021",95631,300637,150811,149826,91045,44905,46140,0.0413223140495868,4132.23140495868,34,14,48,15.97,47,51.6228238783019,119,1,14,565,624,207.559282456917,176,20,6.65254110438835,550,182.94488037068,132,29,36,11.974573987899,0.00685375363831073,7692.30769230769,621,206.561401291258,898.518598708742,0.928,0.057,0.302840302424519,0.813080137825987,0,0,0.813080137825987,1.81308013782599
81001,81,"Arauca","Arauca","2022",97771,307628,153918,153710,94809,46563,48246,0.036734693877551,3673.4693877551,35,32,67,21.78,66,69.6136442742778,142,13,7,669,729,236.974527676284,282,26,8.45176641918161,641,208.368549026747,159,56,82,26.655571014342,0.00768914343574977,9190.67215363512,529,171.960939836426,933.119060163574,0.945,0.038,0.308193662475457,0.844390505812768,0.081327437026448,0,0.925717942839216,1.92571794283922
81001,81,"Arauca","Arauca","2023",99393,313097,156269,156828,98257,48075,50182,0.0717131474103586,7171.31474103586,30,22,52,16.61,51,51.9046989018594,107,4,5,667,706,225.489225383827,228,19,6.06840691542876,651,207.922784312849,115,52,57,18.2052207462863,0.00718523871072799,7365.43909348442,474,151.390783048065,953.689216951935,0.926,0.036,0.313822872783834,0.863004684685213,0,0,0.863004684685213,1.86300468468521
88001,88,"Archipiélago de San Andrés","San Andrés","2020",55945,61898,29765,32133,24727,11142,13585,0.0277777777777778,2777.77777777778,12,2,14,22.62,14,56.6182715250536,5,2,0,115,120,193.867330123752,38,2,3.2311221687292,112,180.942841448835,7,15,13,21.0022940967398,0.00485299470214745,11666.6666666667,5,8.077805421823,1097.00219457818,0.852,0.281,0.399479789330835,0.992690298058219,0.372640276404472,0.00499317459610782,1.3703237490588,2.3703237490588
88001,88,"Archipiélago de San Andrés","San Andrés","2021",56226,62159,29821,32338,25195,11304,13891,0.0277777777777778,2777.77777777778,6,1,7,11.26,7,27.783290335384,11,1,1,80,84,135.13730915877,24,2,3.21755497997072,80,128.702199198829,13,5,3,4.82633246995608,0.00333399484024608,8333.33333333333,2,3.21755497997072,1101.86244502003,0.95,0.268,0.405331488601812,0.997088396333324,0,0.306419782570585,1.30350817890391,2.30350817890391
88001,88,"Archipiélago de San Andrés","San Andrés","2022",56318,62255,29780,32475,25645,11452,14193,0.0277777777777778,2777.77777777778,5,5,10,16.06,10,38.9939559368298,7,18,10,112,116,186.330415227693,72,2,3.2125933659947,107,171.873745080716,31,22,19,30.5196369769496,0.00452329888867226,8620.68965517242,27,43.3700104409284,1061.70998955907,0.958,0.194,0.41193478435467,0.960753963114952,0.0142662140919723,0.0436757198154592,1.01869589702238,2.01869589702238
88001,88,"Archipiélago de San Andrés","San Andrés","2023",56333,62269,29698,32571,26083,11591,14492,0,0,6,6,12,19.27,12,46.006977724955,8,17,5,114,118,189.500393454207,75,2,3.21187107549503,111,178.258844689974,27,18,16,25.6949686039602,0.00452401947628724,10169.4915254237,21,33.7246462926978,1071.3553537073,0.956,0.184,0.418876166310684,0.96948216754199,0.196490313572899,0.0274060885694429,1.19337856968433,2.19337856968433
8001,8,"Atlántico","Barranquilla","2020",1275264,2693665,1313901,1379764,943989,436264,507725,0.0283595113438045,2835.95113438045,293,199,492,18.27,489,51.8014510762308,1829,181,244,6202,7187,266.811203323353,1465,359,13.3275667167224,5984,222.150861372888,2193,500,379,14.0700495421665,0.00761343617351473,6845.69361346876,2571,95.4461672108447,1009.63383278916,0.822,0.117,0.350447809954096,0.913629631148112,0,0,0.913629631148112,1.91362963114811
8001,8,"Atlántico","Barranquilla","2021",1294390,2741002,1337025,1403977,970964,448348,522616,0.0275624461670973,2756.24461670973,264,198,462,16.86,456,46.96363613893,2476,130,84,6343,7534,274.862988060571,1743,425,15.5052787265387,6233,227.398593652978,2637,297,209,7.6249488325802,0.00775929900593637,6132.20069020441,4144,151.185588335944,953.894411664056,0.966,0.109,0.354236881257292,0.863190367814146,0,0,0.863190367814146,1.86319036781415
8001,8,"Atlántico","Barranquilla","2022",1310163,2774958,1353916,1421042,995201,459382,535819,0.0223063973063973,2230.63973063973,325,244,569,20.5,562,56.471004349875,1425,241,133,6477,6911,249.048814432507,1175,364,13.1173156494621,6355,229.012475143768,1732,372,406,14.6308520705539,0.0069443258196083,8233.25133844596,6165,222.1655246674,882.9144753326,0.963,0.096,0.358636419001657,0.798959781493286,0,0,0.798959781493286,1.79895978149329
8001,8,"Atlántico","Barranquilla","2023",1323551,2803565,1368515,1435050,1020419,471225,549194,0.0348982135438305,3489.82135438305,368,274,642,22.9,636,62.3273380836696,700,218,362,6270,6595,235.236208184936,1209,289,10.3083038916522,6142,219.078209351308,1187,401,407,14.5172307401469,0.00646303136260693,9734.64746019712,5725,204.204289895187,900.875710104813,0.966,0.099,0.363971942865601,0.815213115887368,0.145328786897003,0,0.960541902784371,1.96054190278437
11001,11,"Bogotá, D.C.","Bogotá_DC","2020",7732161,7732161,3703072,4029089,2971107,1319020,1652087,0.0886150234741784,8861.50234741784,922,997,1919,24.82,1908,64.2184882604363,12166,1950,935,49328,55189,713.759064251249,18499,2584,33.4188592296513,48529,627.625317165538,14543,2360,3263,42.2003628739753,0.0185752313868198,3477.1421841309,33444,432.531086716896,672.548913283104,0.95,0.145,0.384253121475355,0.608597489125768,0,0,0.608597489125768,1.60859748912577
11001,11,"Bogotá, D.C.","Bogotá_DC","2021",7823334,7823334,3746794,4076540,3046497,1351450,1695047,0.0787913835477808,7879.13835477808,817,853,1670,21.35,1656,54.3575129074475,12837,1154,324,46888,52541,671.593466417259,16546,3102,39.6506144311364,46318,592.049374346027,14040,1470,2536,32.4158472589819,0.0172463652516316,3178.4701471232,56398,720.894697835987,384.185302164013,0.849,0.115,0.389411598686698,0.34765383697471,0,0,0.34765383697471,1.34765383697471
11001,11,"Bogotá, D.C.","Bogotá_DC","2022",7873316,7873316,3770222,4103094,3107449,1377038,1730411,0.0881297545571982,8812.97545571982,976,1130,2106,26.75,2090,67.2577409959102,11249,2932,906,48505,52917,672.10562868301,16751,2681,34.0517261087958,47604,604.62453177289,14353,2643,4117,52.2905469563269,0.0170290807668927,3979.81744996882,52469,666.415523014699,438.664476985301,0.841,0.105,0.394681097519774,0.396952688479839,0,0,0.396952688479839,1.39695268847984
11001,11,"Bogotá, D.C.","Bogotá_DC","2023",7907281,7907281,3786692,4120589,3167294,1403203,1764091,0.130810657596372,13081.0657596372,972,1144,2116,26.76,2105,66.460518032112,17632,3964,1532,48881,57411,726.052356050076,17220,4392,55.543745062304,48161,609.071563284522,21805,2888,4130,52.2303431482959,0.0181261985783448,3685.70483008483,51594,652.487245615781,452.592754384219,0.88,0.074,0.400554122207115,0.409556551909562,0,0,0.409556551909562,1.40955655190956
13001,13,"Bolívar","Cartagena de Indias","2020",1017616,2169294,1076788,1092506,726996,348288,378708,0.0300166759310728,3001.66759310728,226,157,383,17.66,380,52.2698886926476,1051,210,210,4521,5096,234.915138289231,1257,206,9.49617709724915,4439,204.628787061597,1384,243,242,11.1557031919141,0.00700966717836137,7515.69858712716,1933,89.1073316940903,1015.97266830591,0.916,0.261,0.335130231310279,0.919365718595857,0,0,0.919365718595857,1.91936571859586
13001,13,"Bolívar","Cartagena de Indias","2021",1032133,2202773,1093153,1109620,745807,356886,388921,0.0261723009814613,2617.23009814613,256,176,432,19.61,426,57.1193351631186,1352,253,112,5111,5555,252.182135880547,1754,348,15.7982688184393,5043,228.938705894797,1643,182,193,8.76168356884709,0.00744830767209211,7776.77767776778,3914,177.685126883251,927.394873116749,0.851,0.231,0.338576421628556,0.839210621056167,0,0,0.839210621056167,1.83921062105617
13001,13,"Bolívar","Cartagena de Indias","2022",1043185,2227184,1105151,1122033,763280,364976,398304,0.0345572354211663,3455.72354211663,274,210,484,21.73,474,62.1004087621843,2144,546,203,5711,6566,294.811744337244,1706,1002,44.9895473387021,5612,251.977384895006,2679,324,381,17.1068039281891,0.00860234776228907,7371.30673164788,3588,161.100295260742,943.979704739258,0.888,0.196,0.342710795336173,0.85421843191376,0,0,0.85421843191376,1.85421843191376
13001,13,"Bolívar","Cartagena de Indias","2023",1052015,2247283,1115128,1132155,780865,373247,407618,0.0368589743589744,3685.89743589744,259,216,475,21.14,467,59.8054721366689,2011,543,356,4856,6088,270.904910507488,759,878,39.0694006940826,4760,211.811329503227,2664,261,424,18.8672276700353,0.00779648210638203,7802.23390275953,3969,176.613270335779,928.466729664221,0.897,0.172,0.347470701286843,0.840180556759892,0,0,0.840180556759892,1.84018055675989
15001,15,"Boyacá","Tunja","2020",179205,1257289,619570,637719,511595,241137,270458,0.0482041587901701,4820.41587901701,299,248,547,43.51,544,106.334111944018,1693,290,267,9012,9637,766.490440940786,4792,201,15.9867779007054,8789,699.043736165671,2108,666,901,71.6621238235601,0.0188371661177298,5676.04026149217,1929,153.425346121695,951.654653878305,0.768,0.282,0.406903265677183,0.861163584426743,0,0,0.861163584426743,1.86116358442674
15001,15,"Boyacá","Tunja","2021",181729,1271639,626709,644930,522552,246227,276325,0.0469043151969981,4690.43151969981,315,265,580,45.61,577,110.419632878642,2350,377,208,7529,9023,709.556721679659,4084,353,27.7594505987942,7394,581.454327839898,2787,409,642,50.4860263014897,0.0172671810652337,6428.01728914995,2992,235.286901392612,869.793098607388,0.96,0.186,0.410927944172835,0.78708609205432,0,0,0.78708609205432,1.78708609205432
15001,15,"Boyacá","Tunja","2022",183582,1285035,633540,651495,533422,251382,282040,0.0436397400185701,4363.97400185701,389,367,756,58.83,754,141.351500313073,2132,728,411,10540,11391,886.434999824907,5049,524,40.777099456435,10296,801.223312983693,2992,691,1403,109.179905605684,0.0213545748019392,6636.81854095338,3533,274.934145762567,830.145854237433,0.953,0.183,0.415103090577299,0.751208830344801,0,0,0.751208830344801,1.7512088303448
15001,15,"Boyacá","Tunja","2023",185469,1298800,640760,658040,545047,257060,287987,0.0478380864765409,4783.80864765409,339,364,703,54.13,701,128.612761835218,1811,471,299,9016,9918,763.627964274715,4176,532,40.9608869725901,8850,681.398213735756,2388,594,1038,79.9199260856175,0.0181965958898957,7088.12260536399,3250,250.230982445334,854.849017554666,0.97,0.158,0.419654296273483,0.773563015849229,0,0,0.773563015849229,1.77356301584923
17001,17,"Caldas","Manizales","2020",445669,1021435,494631,526804,450902,208723,242179,0.108622620380739,10862.2620380739,226,174,400,39.16,399,88.4892947913294,2904,162,313,9382,10525,1030.4130953022,5309,801,78.4190868728798,9200,900.69363199812,3276,632,706,69.1184461076818,0.0233421009443294,3800.47505938242,3023,295.956179296774,809.123820703226,0.877,0.272,0.441439739190453,0.732185742845066,0,0,0.732185742845066,1.73218574284507
17001,17,"Caldas","Manizales","2021",449434,1028635,497712,530923,458153,211674,246479,0.0953436807095344,9534.36807095344,218,215,433,42.09,432,94.2916449308419,2049,163,275,8754,9796,952.330029602337,4777,242,23.5263237202701,8568,832.948519154024,2397,496,590,57.3575660948733,0.0213815035588548,4420.17149857085,3825,371.852017479475,733.227982520525,0.907,0.253,0.445398999645161,0.663506698628629,0,0,0.663506698628629,1.66350669862863
17001,17,"Caldas","Manizales","2022",451812,1034151,499958,534193,464693,214334,250359,0.0938189845474614,9381.89845474614,302,293,595,57.54,593,127.611132511142,1141,167,368,8623,8995,869.795610118832,5205,111,10.7334422149183,8417,813.904352459167,1561,611,817,79.0020026089033,0.0193568657156445,6614.7859922179,2384,230.527263426714,874.552736573286,0.884,0.191,0.449347339024959,0.79139314490651,0,0,0.79139314490651,1.79139314490651
17001,17,"Caldas","Manizales","2023",454494,1040284,502719,537565,471864,217501,254363,0.0826985854189336,8269.85854189336,280,231,511,49.12,507,107.446213315701,1241,127,257,7985,8285,796.417132244656,4941,235,22.5899850425461,7889,758.350604258068,1548,421,554,53.2546881428533,0.0175580251936999,6167.77308388654,4346,417.770531893214,687.309468106786,0.873,0.177,0.453591519238977,0.621954490269289,0,0,0.621954490269289,1.62195449026929
18001,18,"Caquetá","Florencia","2020",173293,413688,209112,204576,122867,59925,62942,0.027190332326284,2719.0332326284,54,40,94,22.72,93,75.6916014877876,288,14,52,1350,1393,336.727195374292,853,34,8.21875423024115,1304,315.213397536308,335,224,227,54.8722708901394,0.0113374624594073,6748.02584350323,145,35.0505695113225,1070.02943048868,0.931,0.318,0.297004022355012,0.968282323893906,0,0,0.968282323893906,1.96828232389391
18001,18,"Caquetá","Florencia","2021",175182,418267,211056,207211,125581,60986,64595,0.0356083086053413,3560.83086053413,30,32,62,14.82,60,47.7779281897739,251,67,53,1164,1226,293.114206953931,676,122,29.1679716544695,1144,273.50950469437,339,135,135,32.2760342078146,0.00976262332677714,5057.09624796085,556,132.929444589222,972.150555410778,0.901,0.269,0.300241233470487,0.879710568837349,0,0,0.879710568837349,1.87971056883735
18001,18,"Caquetá","Florencia","2022",176630,421797,212489,209308,128287,62078,66209,0.0292397660818713,2923.97660818713,63,47,110,26.08,109,84.9657408778754,309,126,92,1218,1315,311.761344912363,734,114,27.02721925476,1172,277.858780408585,456,177,258,61.1668646291937,0.0102504540600373,8365.01901140684,529,125.415780576913,979.664219423087,0.924,0.269,0.304143936538193,0.88650977252605,0,0,0.88650977252605,1.88650977252605
18001,18,"Caquetá","Florencia","2023",177946,425053,213797,211256,131244,63314,67930,0.0375722543352601,3757.22543352601,81,51,132,31.05,131,99.8140867392033,332,96,119,1251,1328,312.431626173677,836,112,26.3496552194667,1225,288.199353962918,490,187,255,59.9925185800359,0.0101185578007376,9939.75903614458,569,133.865659106041,971.214340893959,0.926,0.214,0.308770906216401,0.878863377216092,0.169461164922912,0,1.048324542139,2.048324542139
85001,85,"Casanare","Yopal","2020",180151,443532,223598,219934,137298,69058,68240,0.0446927374301676,4469.27374301676,33,21,54,12.17,53,38.6021646345905,65,12,41,348,373,84.0976524805426,172,0,0,341,76.882840471488,101,19,26,5.86203475735685,0.00271671837900042,14477.2117962467,166,37.4268372969707,1067.65316270303,0.734,0.114,0.309556018505993,0.966132010988371,0.703314628705666,0.568376279978838,2.23782291967288,3.23782291967288
85001,85,"Casanare","Yopal","2021",184803,452098,227592,224506,142711,71522,71189,0.0524861878453039,5248.61878453039,29,18,47,10.4,47,32.9336911660629,178,9,30,579,653,144.43771040792,326,24,5.30858353719769,573,126.742431950595,209,13,18,3.98143765289827,0.00457568092158278,7197.54977029096,508,112.365018204018,992.714981795982,0.736,0.094,0.315663860490425,0.898319562200005,0,0.258686300523909,1.15700586272391,2.15700586272391
85001,85,"Casanare","Yopal","2022",187954,459973,231177,228796,147991,73880,74111,0.0412087912087912,4120.87912087912,55,43,98,21.31,97,65.5445263563325,134,16,23,696,742,161.313816245736,350,5,1.08702032510604,668,145.225915434167,165,53,76,16.5227089416118,0.00501381840787615,13207.5471698113,350,76.0914227574227,1028.98857724258,0.728,0.073,0.321738449865536,0.931143968981954,0.553932388382414,0.172071188611311,1.65714754597568,2.65714754597568
85001,85,"Casanare","Yopal","2023",191133,467775,234776,232999,153480,76352,77128,0.0544959128065395,5449.59128065395,51,51,102,21.81,102,66.4581704456607,54,12,18,309,328,70.1191812302923,156,17,3.63422585644808,300,64.1333974667308,80,23,34,7.26845171289616,0.00213708626531144,31097.5609756098,219,46.8173801507135,1058.26261984929,0.762,0.076,0.328106461439795,0.9576343973733,2.65877983083421,0.640119540144606,4.25653376835212,5.25653376835212
19001,19,"Cauca","Popayán","2020",328217,1508061,746081,761980,522174,248970,273204,0.0317208564631245,3172.08564631245,181,163,344,22.81,342,65.4954095761183,988,260,228,4788,5059,335.463883755365,2674,207,13.7262352119709,4714,312.586825068747,1337,293,371,24.6011268774937,0.00968834143408136,6799.76279897213,1834,121.613117771761,983.466882228239,0.705,0.49,0.346255224423946,0.889950847204039,0,0,0.889950847204039,1.88995084720404
19001,19,"Cauca","Popayán","2021",332323,1525284,754124,771160,536803,255824,280979,0.029874213836478,2987.4213836478,194,157,351,23.01,346,64.4556755457775,912,118,119,4714,5006,328.201174338681,2587,202,13.2434353208976,4637,304.008958331694,1102,261,293,19.209537371401,0.00932558126538041,7011.58609668398,2272,148.955866579601,956.124133420399,0.848,0.36,0.351936426265535,0.865208069479494,0,0,0.865208069479494,1.86520806947949
19001,19,"Cauca","Popayán","2022",335826,1541265,761516,779749,551337,262683,288654,0.0249609984399376,2496.09984399376,232,174,406,26.34,402,72.9136626056296,1154,109,134,4587,4785,310.459265603255,2674,142,9.21321122584371,4525,293.590005612273,1331,264,397,25.7580623708447,0.00867890237731188,8484.84848484849,2239,145.270281230029,959.809718769971,0.845,0.368,0.357717199832605,0.868543199379204,0,0,0.868543199379204,1.8685431993792
19001,19,"Cauca","Popayán","2023",339454,1558045,769354,788691,566460,269824,296636,0.0330769230769231,3307.69230769231,170,164,334,21.44,332,58.6096105638527,1291,141,147,4934,5164,331.441004592294,2473,116,7.44522783359916,4877,313.020484003992,1498,308,436,27.9837873745624,0.00911626593228119,6467.85437645236,2174,139.533838881419,965.546161118581,0.893,0.374,0.363571013674188,0.873734174103758,0,0,0.873734174103758,1.87373417410376
20001,20,"Cesar","Valledupar","2020",526238,1290919,639132,651787,385399,184616,200783,0.0278578290105668,2785.78290105668,167,101,268,20.76,263,68.2409658561647,499,46,91,3002,3137,243.005176932093,803,175,13.5562339697533,2896,224.336306150889,607,363,232,17.9716930341873,0.00813961634565736,8543.19413452343,1407,108.992121116817,996.087878883183,0.897,0.234,0.298546229469084,0.901371736782118,0.00514848784479478,0,0.906520224626913,1.90652022462691
20001,20,"Cesar","Valledupar","2021",538601,1322378,654489,667889,400091,191403,208688,0.0344506517690875,3445.06517690875,151,106,257,19.43,255,63.7355001737105,941,54,74,2674,3278,247.886761576493,961,237,17.9222582347861,2602,196.766733868833,1037,167,123,9.30142515982571,0.008193136061546,7840.14643075046,1946,147.15913301643,957.920866983571,0.692,0.175,0.302554186473157,0.866833954992914,0,0,0.866833954992914,1.86683395499291
20001,20,"Cesar","Valledupar","2022",549314,1349162,667551,681611,414050,197850,216200,0.0339138405132906,3391.38405132906,154,130,284,21.05,284,68.5907499094312,945,164,113,3595,3984,295.294412383391,1248,401,29.7221534552559,3476,257.641410001171,1115,365,302,22.3842651957289,0.00962202632532303,7128.5140562249,2658,197.011181755786,908.068818244214,0.71,0.133,0.306894205440118,0.821722244764374,0,0,0.821722244764374,1.82172224476437
20001,20,"Cesar","Valledupar","2023",558938,1373581,679578,694003,428361,204551,223810,0.0352622061482821,3526.22061482821,185,130,315,22.93,314,73.3026582718782,685,183,89,3423,3671,267.25762805397,1083,234,17.0357627253143,3322,241.849588775616,869,350,278,20.2390685369119,0.00856987447503391,8580.76818305639,1997,145.386402403644,959.693597596356,0.777,0.119,0.311857109264033,0.868438119951819,0.00956925804741632,0,0.878007377999235,1.87800737799924
27001,27,"Chocó","Quibdó","2020",134959,562387,277787,284600,148744,70166,78578,0.0234741784037559,2347.41784037559,29,24,53,9.42,48,32.2702092185231,137,34,46,455,503,89.4401897625656,253,5,0.889067492669639,442,78.5935663519961,199,110,71,12.6247583959089,0.00338164900769107,10536.7793240557,219,38.9411561789302,1066.13884382107,0.505,0.517,0.264486910259305,0.964761685869864,0.239703515752974,0.540956182651484,1.74542138427432,2.74542138427432
27001,27,"Chocó","Quibdó","2021",137257,573848,283374,290474,154349,72837,81512,0.0580046403712297,5800.46403712297,25,30,55,9.58,54,34.98564940492,124,26,55,426,474,82.600270454894,188,8,1.39409739164378,417,72.667326539432,189,78,53,9.23589521964004,0.00307096255887631,11603.3755274262,242,42.1714460972244,1062.90855390278,0.946,0.487,0.268971922878532,0.961838558206443,0.365193764959241,0.576061460018231,1.90309378318391,2.90309378318391
27001,27,"Chocó","Quibdó","2022",139740,584521,288569,295952,160211,75660,84551,0.0272727272727273,2727.27272727273,35,25,60,10.26,58,36.2022582719039,138,51,94,3388,3434,587.489585489657,263,9,1.53972226831885,3373,577.053690115496,251,104,74,12.6599386506216,0.0214342336044342,1747.2335468841,194,33.1895688948729,1071.89043110513,0.962,0.429,0.274089382588478,0.969966365426147,0,0,0.969966365426147,1.96996636542615
27001,27,"Chocó","Quibdó","2023",142184,595138,293776,301362,166387,78644,87743,0.015695067264574,1569.5067264574,49,38,87,14.62,85,51.0857218412496,127,61,81,3697,3742,628.761732572949,246,6,1.0081695337888,3681,618.51200897943,230,112,89,14.9545147512006,0.0224897377799948,2324.95991448423,190,31.9253685699787,1073.15463143002,0.971,0.426,0.279577173697529,0.971110355295564,0,0,0.971110355295564,1.97111035529556
23001,23,"Córdoba","Montería","2020",507463,1842585,916909,925676,645700,315633,330067,0.0159045725646123,1590.45725646123,182,127,309,16.77,306,47.3904289917919,821,161,332,3420,3776,204.929487649145,1707,154,8.35782338399585,3307,179.476116434249,1203,605,293,15.9015730617583,0.00584791698931392,8183.26271186441,881,47.8132623461062,1057.26673765389,0.827,0.334,0.350431594743255,0.956733211761948,0,0,0.956733211761948,1.95673321176195
23001,23,"Córdoba","Montería","2021",513732,1864336,927223,937113,660400,321988,338412,0.125328083989501,12532.8083989501,138,114,252,13.52,252,38.1586917019988,870,139,140,3236,3503,187.895315007595,1602,237,12.7123007869826,3150,168.960959826984,1086,393,198,10.6204031891247,0.00530436099333737,7193.83385669426,1311,70.3199423279924,1034.76005767201,0.749,0.324,0.354227993237271,0.936366650081449,0,0.0356440109087466,0.972010660990196,1.9720106609902
23001,23,"Córdoba","Montería","2022",518608,1882211,935690,946521,674932,328361,346571,0.0240728692257645,2407.28692257645,223,221,444,23.59,442,65.4880787990494,1408,368,273,4275,4655,247.315524136242,2083,312,16.576249952848,4097,217.669538643648,1871,622,500,26.5645031295641,0.00689699110428902,9538.13104189044,2219,117.893264889006,987.186735110994,0.78,0.23,0.358584664524859,0.893316986200994,0.122207671119074,0,1.01552465732007,2.01552465732007
23001,23,"Córdoba","Montería","2023",523150,1898911,943703,955208,690063,335143,354920,0.0269576379974326,2695.76379974326,247,224,471,24.8,469,67.9648090101918,900,379,386,3417,3706,195.164491648108,1339,248,13.0601170881626,3275,172.46727203118,1443,610,431,22.6972196169278,0.00537052414054949,12709.1203453859,1633,85.9966580845548,1019.08334191545,0.74,0.214,0.363399337830999,0.922180604042644,0.495290039749842,0,1.41747064379249,2.41747064379249
25001,25,"Cundinamarca","Cundinamarca","2020",12497,3147954,1555059,1592895,1182249,562379,619870,0.0611229566453447,6112.29566453447,529,410,939,29.83,933,78.9173854238828,3126,435,451,14783,16049,509.82320580288,4651,750,23.8249987134501,14266,453.183242194772,3853,1481,1173,37.2622979878359,0.013574974476612,5850.83182752819,3069,97.4918947354377,1007.58810526456,0.918,0.141,0.375561078719702,0.911778428045537,0,0,0.911778428045537,1.91177842804554
25001,25,"Cundinamarca","Cundinamarca","2021",12771,3233689,1596732,1636957,1228420,583643,644777,0.00308219178082192,308.219178082192,442,390,832,25.73,824,67.0780351996874,3294,380,297,12634,14055,434.642910929282,3659,600,18.5546600183258,12286,379.937588308585,3819,1145,906,28.017536627672,0.0114415265137331,5919.60156527926,5399,166.961015731569,938.118984268431,0.358,0.149,0.37988192432853,0.848914996442277,0,0,0.848914996442277,1.84891499644228
25001,25,"Cundinamarca","Cundinamarca","2022",13182,3334637,1645909,1688728,1280322,607714,672608,0.0882841022236973,8828.41022236973,570,515,1085,32.54,1073,83.8070422909237,3102,796,577,12988,14088,422.474770117407,3335,1006,30.1682012165042,12557,376.562726317737,4085,1164,1392,41.7436740490794,0.0110034819365753,7701.59000567859,5473,164.125810395554,940.954189604446,0.385,0.113,0.383946438547884,0.851480607380865,0,0,0.851480607380865,1.85148060738086
25001,25,"Cundinamarca","Cundinamarca","2023",13638,3445327,1700296,1745031,1338417,635148,703269,0.0788623141564318,7886.23141564318,555,518,1073,31.14,1066,79.6463284611597,3402,882,665,14227,15307,444.28293743961,3639,1069,31.0275338160935,14004,406.463595472941,4623,1085,1410,40.9249978303946,0.0114366449320354,7009.86476775332,7302,211.939244083363,893.140755916637,0.395,0.129,0.388473140575626,0.808213664093674,0,0,0.808213664093674,1.80821366409367
94001,94,"Guainía","Inírida","2020",34026,52006,27035,24971,10447,5469,4978,0.0810810810810811,8108.10810810811,5,1,6,11.54,6,57.4327558150665,16,2,6,53,58,111.525593200785,17,0,0,53,101.911317924855,20,10,1,1.92285505518594,0.0055518330621231,10344.8275862069,0,0,1105.08,0.915,0.273,0.200880667615275,1,0.217119456910366,0.427604814224429,1.6447242711348,2.6447242711348
94001,94,"Guainía","Inírida","2021",35041,53583,27803,25780,10867,5655,5212,0.0263157894736842,2631.57894736842,4,1,5,9.33,5,46.0108585626208,29,9,13,61,63,117.574603885561,13,3,5.59879066121718,61,113.842076778083,44,12,10,18.6626355373906,0.00579736817889022,7936.50793650794,0,0,1105.08,0.775,0.221,0.202806860384824,1,0,0.396558805005386,1.39655880500539,2.39655880500539
94001,94,"Guainía","Inírida","2022",36024,55091,28535,26556,11264,5827,5437,0.0526315789473684,5263.15789473684,2,5,7,12.71,7,62.1448863636364,20,2,13,55,57,103.46517580004,5,2,3.63035704561544,55,99.8348187544245,32,14,4,7.26071409123087,0.00506036931818182,12280.701754386,0,0,1105.08,0.702,0.176,0.204461708809061,1,0.444884501478392,0.468974189478248,1.91385869095664,2.91385869095664
94001,94,"Guainía","Inírida","2023",37015,56551,29244,27307,11648,5993,5655,0.0769230769230769,7692.30769230769,2,3,5,8.84,5,42.9258241758242,20,4,2,42,43,76.037559017524,6,1,1.76831532598893,41,72.5009283655461,23,3,6,10.6098919559336,0.00369162087912088,11627.9069767442,0,0,1105.08,0.809,0.166,0.205973369171191,1,0.368080009705452,0.609743992651094,1.97782400235655,2.97782400235655
95001,95,"Guaviare","San José del Guaviare","2020",56294,89050,47149,41901,25466,13804,11662,0.0579710144927536,5797.10144927536,13,0,13,14.6,13,51.0484567658839,52,5,0,299,325,364.963503649635,80,1,1.12296462661426,297,333.520494104436,57,4,5,5.61482313307131,0.012762114191471,4000,90,101.066816395284,1004.01318360472,0.915,0.261,0.285974171813588,0.908543439031306,0,0,0.908543439031306,1.90854343903131
95001,95,"Guaviare","San José del Guaviare","2021",57717,91717,48373,43344,26441,14208,12233,0.0704225352112676,7042.25352112676,12,7,19,20.72,19,71.8580991641769,64,0,1,215,242,263.855119552537,89,0,0,211,230.055496799939,65,1,12,13.0837249364894,0.00915245263038463,7851.23966942149,97,105.760109903289,999.31989009671,0.891,0.247,0.288288975871431,0.904296422066014,0,0,0.904296422066014,1.90429642206601
95001,95,"Guaviare","San José del Guaviare","2022",59555,94625,49688,44937,27477,14631,12846,0.0833333333333333,8333.33333333333,10,5,15,15.85,15,54.5911125668741,124,12,1,278,331,349.801849405548,85,2,2.11360634081902,270,285.336856010568,137,14,29,30.6472919418758,0.0120464388397569,4531.72205438066,350,369.881109643329,735.198890356671,0.893,0.185,0.290377807133421,0.665290196507647,0,0,0.665290196507647,1.66529019650765
95001,95,"Guaviare","San José del Guaviare","2023",61403,97616,51032,46584,28562,15076,13486,0.0810810810810811,8108.10810810811,9,7,16,16.39,16,56.0184861004131,91,2,3,219,268,274.545156531716,82,2,2.04884445172922,217,222.299623012621,95,13,10,10.2442222586461,0.0093830964218192,5970.14925373134,89,91.1735781019505,1013.90642189805,0.898,0.205,0.292595476151451,0.917495947712428,0,0,0.917495947712428,1.91749594771243
41001,41,"Huila","Neiva","2020",367781,1136911,566780,570131,385246,185302,199944,0.0423913043478261,4239.13043478261,140,100,240,21.11,239,62.0382820327791,1432,260,313,4419,4617,406.100389564355,2275,38,3.34239003756671,4304,378.569650570713,1808,483,565,49.6960624006628,0.0119845501316042,5198.18063677713,841,73.9723689893052,1031.10763101069,0.944,0.129,0.338853261161164,0.933061525872059,0,0,0.933061525872059,1.93306152587206
41001,41,"Huila","Neiva","2021",371590,1151211,573417,577794,393271,188781,204490,0.0550755939524838,5507.55939524838,130,99,229,19.89,229,58.22956688899,1379,377,306,4259,4616,400.969066487377,2038,118,10.2500757897553,4133,359.013247788633,1822,418,492,42.7376041403357,0.0117374533082785,4961.00519930676,1509,131.079359040176,974.000640959824,0.518,0.109,0.341615047111259,0.881384733195627,0,0,0.881384733195627,1.88138473319563
41001,41,"Huila","Neiva","2022",375660,1164463,579492,584971,401502,192385,209117,0.0402969247083775,4029.69247083775,168,143,311,26.71,309,76.9610114021848,999,552,468,4150,4422,379.745857103231,1955,127,10.9063147562439,4037,346.683406857925,1747,485,644,55.3044622285122,0.0110136437676525,7033.01673450927,1452,124.692669496583,980.387330503417,0.549,0.1,0.344795841516648,0.887164124319884,0,0,0.887164124319884,1.88716412431988
41001,41,"Huila","Neiva","2023",380019,1178453,586146,592307,410891,196736,214155,0.0408805031446541,4088.05031446541,189,151,340,28.85,338,82.2602588034296,1069,524,359,3903,4240,359.793729575978,2103,181,15.359119116333,3814,323.644642594995,1721,502,522,44.2953601034577,0.0103190383824421,8018.8679245283,1587,134.668077555914,970.411922444086,0.541,0.075,0.348669823913215,0.878137259242848,0,0,0.878137259242848,1.87813725924285
44001,44,"La Guajira","Riohacha","2020",206087,964067,472935,491132,235758,110003,125755,0.0266666666666667,2666.66666666667,58,35,93,9.65,93,39.447229786476,306,32,45,1009,1105,114.618589786809,217,118,12.2398132080032,965,100.096777506128,360,145,81,8.40190567668015,0.00468700956065118,8416.28959276018,424,43.9803457643504,1061.09965423565,0.956,0.131,0.244545244262069,0.960201663441244,0,0.411730284399933,1.37193194784118,2.37193194784118
44001,44,"La Guajira","Riohacha","2021",212481,993081,487258,505823,245608,114426,131182,0.0181818181818182,1818.18181818182,65,43,108,10.88,104,42.3438975929123,345,26,16,1137,1244,125.266720438715,342,145,14.6010244884355,1101,110.8670893915,378,110,55,5.5383196335445,0.00506498159669066,8681.67202572347,747,75.2204502955952,1029.8595497044,0.811,0.107,0.247319201555563,0.931932122293775,0.0214410876321717,0.357079701087749,1.3104529110137,2.3104529110137
44001,44,"La Guajira","Riohacha","2022",217719,1017121,499180,517941,254669,118485,136184,0.0318877551020408,3188.77551020408,59,37,96,9.44,95,37.3033231370917,344,40,23,1351,1472,144.72221102504,371,96,9.43840506685045,1288,126.63193464691,395,176,105,10.3232555418677,0.00578005175345252,6521.73913043478,776,76.2937742903745,1028.78622570963,0.858,0.1,0.250382206246848,0.930960858679576,0,0.257226126415743,1.18818698509532,2.18818698509532
44001,44,"La Guajira","Riohacha","2023",222541,1038397,509809,528588,263679,122571,141108,0.035,3500,65,62,127,12.23,124,47.0268773774172,389,22,26,1510,1602,154.276254650196,358,114,10.9784600687406,1471,141.660655799275,422,156,85,8.18569391090306,0.00607556915795342,7927.59051186018,676,65.1003421620055,1039.97965783799,0.86,0.118,0.25392889232153,0.94108992818438,0,0.208190847438266,1.14928077562265,2.14928077562265
47001,47,"Magdalena","Santa Marta","2020",530107,1426023,713399,712624,458377,222641,235736,0.0436643835616438,4366.43835616438,183,141,324,22.72,320,69.8115306832585,729,135,143,3080,3316,232.53481886337,904,221,15.4976462511474,2984,209.25328693857,953,351,205,14.3756447126028,0.00723421986705267,9770.8082026538,979,68.6524691396983,1036.4275308603,0.913,0.125,0.321437312020914,0.937875566348411,0.149583274741636,0,1.08745884109005,2.08745884109005
47001,47,"Magdalena","Santa Marta","2021",540204,1454154,727037,727117,472541,229082,243459,0.0304826418289585,3048.26418289585,183,117,300,20.63,299,63.2749327571576,807,96,57,3429,3683,253.274412476258,1045,215,14.7852290747748,3390,233.125239830169,928,169,155,10.6591186353027,0.00779403268711075,8145.53353244638,1441,99.0954190546531,1005.98458094535,0.913,0.133,0.324959392196425,0.91032737986874,0,0,0.91032737986874,1.91032737986874
47001,47,"Magdalena","Santa Marta","2022",548202,1476366,737830,738536,485572,235040,250532,0.0265339966832504,2653.39966832504,186,150,336,22.76,334,68.7848557989341,952,184,110,3519,3753,254.205258045769,1103,288,19.5073579315698,3456,234.088295178838,1185,314,286,19.3718901681561,0.00772902885668861,8952.83772981615,1508,102.142693613914,1002.93730638609,0.926,0.104,0.328896764081535,0.907569864974559,0.0533450562336451,0,0.960914921208204,1.9609149212082
47001,47,"Magdalena","Santa Marta","2023",555030,1496163,747566,748597,498967,241278,257689,0.0337171052631579,3371.71052631579,196,141,337,22.52,336,67.3391226273481,1156,188,209,3944,4246,283.792608158336,1160,414,27.6707818599979,3886,259.731058714859,1471,338,261,17.4446233465204,0.00850958079392024,7936.88177107866,2067,138.15339638796,966.92660361204,0.929,0.098,0.333497753921197,0.874983352890325,0,0,0.874983352890325,1.87498335289032
50001,50,"Meta","Villavicencio","2020",553409,1082032,545923,536109,370423,182671,187752,0.0538720538720539,5387.20538720539,114,89,203,18.76,200,53.9923276902352,578,174,215,3079,3270,302.20917680808,1751,212,19.592766202848,3028,279.843849350112,857,133,246,22.735002291984,0.00882774557735346,6207.95107033639,1034,95.5609445931359,1009.51905540686,0.699,0.381,0.342340152601772,0.913525767733435,0,0,0.913525767733435,1.91352576773343
50001,50,"Meta","Villavicencio","2021",561834,1098104,553223,544881,381875,187885,193990,0.0653377630121816,6533.77630121816,108,81,189,17.21,188,49.2307692307692,553,83,128,2696,2890,263.180900898276,1524,271,24.678901087693,2664,242.599972315919,692,79,163,14.8437670748854,0.00756792144026187,6539.79238754325,1664,151.533916641775,953.546083358225,0.894,0.303,0.347758500105637,0.862875161398473,0,0,0.862875161398473,1.86287516139847
50001,50,"Meta","Villavicencio","2022",569806,1113810,560315,553495,393611,193265,200346,0.0693069306930693,6930.69306930693,200,126,326,29.27,321,81.5525988857019,567,108,196,2903,3193,286.673669656405,1616,147,13.1979421984001,2866,257.314981908943,794,200,304,27.2937035939702,0.00811207003869302,10209.834011901,1093,98.1316382506891,1006.94836174931,0.868,0.26,0.35339151201731,0.911199516550214,0.20123680401196,0,1.11243632056217,2.11243632056217
50001,50,"Meta","Villavicencio","2023",577875,1130085,567823,562262,406151,199130,207021,0.0727470141150923,7274.70141150923,166,131,297,26.28,292,71.8944431996967,1077,90,240,2712,3244,287.058053155294,1553,383,33.8912559674715,2670,236.265413663574,1313,142,251,22.2107186627555,0.00798717718287041,9155.36374845869,1612,142.644137387896,962.435862612104,0.852,0.231,0.359398629306645,0.870919628092178,0.077173230822953,0,0.948092858915131,1.94809285891513
52001,52,"Nariño","Pasto","2020",402073,1665454,813861,851593,612588,284315,328273,0.0529369108049311,5293.69108049311,231,170,401,24.08,398,64.9702573344564,1519,357,481,5917,6619,397.429169463702,2752,251,15.0709656345957,5691,341.708627197149,2165,799,521,31.2827613371489,0.0108049782235369,6058.31696630911,832,49.9563482389787,1055.12365176102,0.89,0.19,0.367820426142061,0.954793907917093,0,0,0.954793907917093,1.95479390791709
52001,52,"Nariño","Pasto","2021",405730,1678786,819621,859165,625978,289998,335980,0.0564399421128799,5643.99421128799,228,185,413,24.6,411,65.6572595203026,1758,229,404,5202,6123,364.727845002281,2418,458,27.2816189794292,5043,300.395643042055,2227,489,364,21.6823347347428,0.00978149391831662,6745.05961130165,1479,88.0993765733095,1016.98062342669,0.874,0.166,0.372875399246837,0.920277829140597,0,0,0.920277829140597,1.9202778291406
52001,52,"Nariño","Pasto","2022",408358,1689002,823743,865259,638568,295276,343292,0.0539956803455724,5399.56803455724,274,223,497,29.43,489,76.577592362912,1343,67,80,2743,3474,205.683593033046,1458,556,32.9188479350528,2659,157.430245790117,1463,219,300,17.7619683102803,0.00544029766602774,14306.2751871042,1854,109.768964157532,995.311035842468,0.912,0.105,0.378074152665302,0.900668762299985,0.683203102326722,0,1.58387186462671,2.58387186462671
52001,52,"Nariño","Pasto","2023",410835,1699570,828257,871313,651766,300961,350805,0.0675287356321839,6752.87356321839,241,196,437,25.71,435,66.7417447366079,2562,81,107,2733,4810,283.012762051578,1478,700,41.1868884482546,2688,158.157651641298,2687,278,305,17.9457156810252,0.00737994924558814,9085.23908523909,1740,102.378836999947,1002.70116300005,0.889,0.129,0.383488764805215,0.907356176023503,0.0689227219282797,0,0.976278897951783,1.97627889795178
54001,54,"Norte de Santander","Cúcuta","2020",770173,1617209,797612,819597,559410,262520,296890,0.0701624815361891,7016.24815361891,252,178,430,26.59,427,76.3304195491679,2293,181,685,6771,7330,453.250012830747,3565,918,56.764462725597,6692,413.799329585725,2927,367,429,26.5271835613084,0.0131030907563326,5866.30286493861,2611,161.450993656355,943.629006343645,0.961,0.111,0.345910763543859,0.853901080775731,0,0,0.853901080775731,1.85390108077573
54001,54,"Norte de Santander","Cúcuta","2021",786991,1654341,815414,838927,578417,271377,307040,0.0633187772925764,6331.87772925764,201,184,385,23.27,384,66.3880902532256,2802,134,360,6951,7605,459.699662886914,4064,1131,68.3655908908744,6886,416.238248341787,3126,236,225,13.6005817422164,0.0131479538118693,5062.45890861275,3571,215.856344006465,889.223655993535,0.868,0.086,0.349635897315003,0.804669033910246,0,0,0.804669033910246,1.80466903391025
54001,54,"Norte de Santander","Cúcuta","2022",798411,1678975,827184,851791,594410,278807,315603,0.0441389290882779,4413.89290882779,240,212,452,26.92,449,75.5370871957067,2945,211,523,6703,7496,446.462871692551,3804,933,55.5696183683497,6599,393.037418663172,3438,400,393,23.4071382837743,0.0126108241785973,6029.8826040555,3676,218.943105168332,886.136894831668,0.859,0.097,0.354031477538379,0.801875787120994,0,0,0.801875787120994,1.80187578712099
54001,54,"Norte de Santander","Cúcuta","2023",806378,1696740,835793,860947,609573,285965,323608,0.0625449317038102,6254.49317038102,265,220,485,28.58,483,79.2357929238992,3145,209,515,7355,8187,482.513525937975,4080,828,48.7994624986739,7249,427.231043059043,3593,474,389,22.9263175265509,0.013430712974492,5924.02589471113,3040,179.167108690784,925.912891309216,0.849,0.072,0.359261289295944,0.837869558139878,0,0,0.837869558139878,1.83786955813988
86001,86,"Putumayo","Mocoa","2020",60157,364883,183311,181572,109554,53942,55612,0.023728813559322,2372.8813559322,39,22,61,16.72,61,55.6803037771327,244,73,137,832,926,253.779978787721,508,65,17.8139293965463,790,216.507757281101,383,166,106,29.0504079389832,0.00845245267174179,6587.47300215983,179,49.0568209535659,1056.02317904643,0.901,0.261,0.300244187862959,0.955607900827482,0,0,0.955607900827482,1.95560790082748
86001,86,"Putumayo","Mocoa","2021",61796,371213,186095,185118,113323,55518,57805,0.0334448160535117,3344.48160535117,29,26,55,14.82,54,47.6514035103201,250,42,70,878,937,252.415728975009,524,75,20.2040338026955,844,227.362727059667,334,110,79,21.2815822721726,0.00826840094243887,5869.79722518677,387,104.252814421909,1000.82718557809,0.95,0.268,0.305277563016381,0.905660391626028,0,0,0.905660391626028,1.90566039162603
86001,86,"Putumayo","Mocoa","2022",62960,377095,188611,188484,117027,57044,59983,0.0360655737704918,3606.55737704918,31,16,47,12.46,46,39.3071684312167,95,21,16,356,385,102.096288733608,217,26,6.89481430408783,344,91.2236969463928,122,29,39,10.3422214561317,0.00328983909696053,12207.7922077922,130,34.4740715204391,1070.60592847956,0.962,0.226,0.310338243678649,0.968804003764036,0.436306337462188,0.475999880570386,1.88111022179661,2.88111022179661
86001,86,"Putumayo","Mocoa","2023",63639,383042,191218,191824,120930,58698,62232,0.0385852090032154,3858.52090032154,32,28,60,15.66,60,49.6154800297693,126,35,24,417,456,119.046997457198,226,28,7.30990335263496,404,105.471462659447,166,64,51,13.3144668208708,0.00377077648226247,13157.8947368421,132,34.4609729481362,1070.61902705186,0.945,0.228,0.315709504440766,0.968815856817483,0.548090537298272,0.389001875983233,1.90590827009899,2.90590827009899
63001,63,"Quindio","Armenia","2020",302613,553321,266678,286643,247053,113621,133432,0.0897959183673469,8979.59183673469,146,128,274,49.52,272,110.097833258451,1616,42,107,4423,5070,916.28548347162,2007,545,98.4961713002037,4262,770.258132259575,1730,461,372,67.2304141718822,0.0205219123022186,5404.3392504931,2193,396.334135158434,708.745864841566,0.924,0.196,0.446491277215215,0.641352539944227,0,0,0.641352539944227,1.64135253994423
63001,63,"Quindio","Armenia","2021",304700,557099,268351,288748,250723,115095,135628,0.0643863179074447,6438.63179074447,151,117,268,48.11,267,106.492025063516,1401,46,73,4318,4883,876.504894103202,2024,224,40.2082933194998,4202,754.264502359545,1479,302,416,74.6725447362139,0.0194756763440131,5488.42924431702,2663,478.011987097446,627.068012902554,0.967,0.195,0.450051068122542,0.567441282895857,0,0,0.567441282895857,1.56744128289586
63001,63,"Quindio","Armenia","2022",306147,559810,269632,290178,254101,116539,137562,0.0673267326732673,6732.67326732673,202,158,360,64.31,357,140.495314855117,1447,126,69,4665,4912,877.440560190065,2719,445,79.4912559618442,4597,821.171468891231,1570,344,480,85.7433772172701,0.0193308959823062,7328.99022801303,3478,621.28222075347,483.79777924653,0.956,0.133,0.453905789464283,0.437794349048512,0,0,0.437794349048512,1.43779434904851
63001,63,"Quindio","Armenia","2023",307886,563076,271252,291824,258022,118303,139719,0.0740740740740741,7407.40740740741,202,206,408,72.46,407,157.738487415802,1208,182,93,4834,5070,900.411312149692,2655,430,76.3662454091455,4779,848.730899558852,1416,330,424,75.3006698918086,0.0196494872530249,8047.33727810651,2492,442.569031533932,662.510968466068,0.957,0.15,0.458236543557175,0.5995140337949,0,0,0.5995140337949,1.5995140337949
66001,66,"Risaralda","Pereira","2020",477068,962779,460389,502390,405523,183186,222337,0.0653983353151011,6539.83353151011,239,173,412,42.79,411,101.350601568838,2869,406,489,9051,9950,1033.46666265051,5095,1078,111.967543953493,8981,932.820512287867,3497,476,782,81.2232090645932,0.0245362161948891,4140.70351758794,4884,507.281525666846,597.798474333154,0.826,0.278,0.421200503957814,0.540954930261297,0,0,0.540954930261297,1.5409549302613
66001,66,"Risaralda","Pereira","2021",479864,968287,462725,505562,411824,185569,226255,0.0671378091872792,6713.78091872792,203,151,354,36.56,352,85.4734061152337,2023,430,494,8504,9165,946.516890136912,5269,161,16.6273016161531,8361,863.483657221464,2741,525,750,77.4563739882907,0.022254652472901,3862.52045826514,5230,540.12911461168,564.95088538832,0.955,0.228,0.425311916818051,0.511230757400659,0,0,0.511230757400659,1.51123075740066
66001,66,"Risaralda","Pereira","2022",480739,970138,463280,506858,416773,187312,229461,0.0789779326364692,7897.79326364692,294,257,551,56.8,548,131.486444659323,2177,685,616,8721,9192,947.494067854264,4697,869,89.5748852225147,8613,887.811837078849,3135,702,852,87.822557203202,0.022055171520228,5994.34290687554,5903,608.470135176645,496.609864823355,0.918,0.208,0.429601767995893,0.449388157258619,0,0,0.449388157258619,1.44938815725862
66001,66,"Risaralda","Pereira","2023",481768,972304,464067,508237,422179,189348,232831,0.0756880733944954,7568.80733944954,254,222,476,48.96,474,112.274651273512,1625,554,375,8075,8409,864.85296779608,4671,349,35.8941236485708,7947,817.336964570752,2321,718,929,95.546248909806,0.019918091615168,5660.60173623499,3892,400.286330201254,704.793669798746,0.922,0.132,0.434204734321776,0.637776151770683,0,0,0.637776151770683,1.63777615177068
68001,68,"Santander","Bucaramanga","2020",600098,2282208,1117702,1164506,891078,413697,477381,0.0427698574338086,4276.98574338086,308,252,560,24.54,553,62.0596625660156,1979,334,568,10799,11443,501.400398210856,4459,330,14.4596811508855,10621,465.382646980468,2659,777,650,28.4811901456835,0.0128417489826929,4893.82155029276,4849,212.469678486799,892.610321513201,0.96,0.119,0.390445568502082,0.807733667710212,0,0,0.807733667710212,1.80773366771021
68001,68,"Santander","Bucaramanga","2021",604462,2312097,1131704,1180393,913093,423448,489645,0.0347782258064516,3477.82258064516,262,231,493,21.32,487,53.3352024383059,2335,196,274,10060,10843,468.968213703837,4236,309,13.3644911956549,9963,430.90752680359,2682,417,363,15.7000333463518,0.0118750225880606,4546.71216453011,7464,322.823826163003,782.256173836997,0.893,0.07,0.39491984981599,0.707872890502947,0,0,0.707872890502947,1.70787289050295
68001,68,"Santander","Bucaramanga","2022",610125,2335238,1142452,1192786,933400,432450,500950,0.0470941883767535,4709.41883767535,344,268,612,26.21,612,65.5667452324834,1687,428,410,11568,11929,510.825877276749,5325,328,14.045677571194,11379,487.273674032368,2344,858,842,36.0562820577603,0.0127801585601029,5130.35459803839,11422,489.115028104202,615.964971895798,0.888,0.088,0.399702300150991,0.557394009389183,0,0,0.557394009389183,1.55739400938918
68001,68,"Santander","Bucaramanga","2023",614860,2357127,1153060,1204067,955297,442654,512643,0.0582716049382716,5827.16049382716,272,245,517,21.93,513,53.7005768886535,1766,367,452,11643,12065,511.851928216002,5471,350,14.848584738964,11471,486.651758687589,2375,921,908,38.5214712656552,0.0126295801201092,4285.12225445504,9714,412.111863297989,692.968136702011,0.904,0.05,0.405280241582231,0.627075086601885,0,0,0.627075086601885,1.62707508660188
70001,70,"Sucre","Sincelejo","2020",295047,950612,477583,473029,328555,162218,166337,0.0367088607594937,3670.88607594937,95,70,165,17.36,161,49.0024501225061,472,81,90,1749,1973,207.550504306699,604,143,15.0429407581642,1702,179.042553639129,597,169,110,11.5714928908955,0.00600508286283879,8362.89913836797,796,83.7355303741169,1021.34446962588,0.555,0.39,0.345624713342562,0.924226725328377,0,0,0.924226725328377,1.92422672532838
70001,70,"Sucre","Sincelejo","2021",301745,966893,485373,481520,337551,166320,171231,0.0413016270337922,4130.16270337922,60,61,121,12.51,121,35.846435057221,894,80,61,2282,2494,257.93960655419,1047,525,54.2976316924417,2232,230.842502738152,990,155,110,11.3766466403211,0.0073885131431991,4851.64394546913,1448,149.758039410772,955.321960589228,0.71,0.257,0.349108950007912,0.864482173769526,0,0,0.864482173769526,1.86448217376953
70001,70,"Sucre","Sincelejo","2022",306168,980942,492082,488860,346203,170327,175876,0.0296296296296296,2962.96296296296,90,109,199,20.29,197,56.9030308807261,1214,111,123,2888,3137,319.79464637053,1145,629,64.1220377963223,2830,288.498198670258,1361,287,212,21.611879193673,0.00906115776004252,6343.64042078419,2024,206.332280603746,898.747719396254,0.708,0.279,0.352929123230527,0.813287471853851,0,0,0.813287471853851,1.81328747185385
70001,70,"Sucre","Sincelejo","2023",310456,994060,498455,495605,355060,174554,180506,0.0342298288508557,3422.98288508557,109,95,204,20.52,203,57.1734354756943,1147,217,168,2696,3144,316.278695450979,561,430,43.2569462607891,2635,265.074542784138,1403,286,230,23.13743637205,0.00885484143525038,6488.54961832061,2058,207.029756755125,898.050243244875,0.719,0.254,0.357181659054785,0.812656317411296,0,0,0.812656317411296,1.8126563174113
73001,73,"Tolima","Ibagué","2020",536439,1354338,670530,683808,558746,266981,291765,0.0587726879861711,5877.26879861711,274,209,483,35.66,480,85.9066552601719,1553,161,190,7603,7878,581.686403246457,3847,671,49.544500708095,7381,544.989507789045,1828,691,557,41.1271041645439,0.0140994297945757,6130.99771515613,3365,248.460871658331,856.61912834167,0.392,0.659,0.412560232379214,0.775164810096707,0,0,0.775164810096707,1.77516481009671
73001,73,"Tolima","Ibagué","2021",537856,1361931,673551,688380,566786,270126,296660,0.0611541774332472,6115.41774332472,245,188,433,31.79,432,76.2192432417173,1055,131,153,6639,6968,511.626506776041,3636,273,20.0450683624941,6501,477.336957599174,1287,381,369,27.0938836108437,0.0122938816413955,6214.12169919633,3369,247.369360121768,857.710639878232,0.908,0.573,0.416163520765736,0.776152531833199,0,0,0.776152531833199,1.7761525318332
73001,73,"Tolima","Ibagué","2022",539745,1367802,675842,691960,574807,273413,301394,0.0438144329896907,4381.44329896907,343,282,625,45.69,622,108.210234043775,1184,217,197,7090,7413,541.964407129102,3927,363,26.5389288800572,6906,504.89763869332,1516,525,680,49.7147979020355,0.0128965026521946,8431.13449345744,2837,207.413061247169,897.666938752831,0.914,0.465,0.420241379965814,0.812309460629847,0,0,0.812309460629847,1.81230946062985
73001,73,"Tolima","Ibagué","2023",542046,1374384,678763,695621,583945,277482,306463,0.0674061433447099,6740.61433447099,324,282,606,44.09,605,103.605647792172,1062,142,181,6807,7038,512.083959068208,3959,395,28.7401483137173,6661,484.653488399167,1329,461,573,41.6914050221772,0.012052504944815,8610.40068201194,3299,240.034808321401,865.045191678599,0.951,0.521,0.424877617900092,0.782789654756759,0.0130556661808649,0,0.795845320937624,1.79584532093762
76001,76,"Valle del Cauca","Cali","2020",2264427,4582377,2177920,2404457,1800105,801034,999071,0.0528497409326425,5284.97409326425,702,629,1331,29.05,1307,72.606875710028,7182,1883,1660,19876,24636,537.624905152937,10350,1606,35.0473127811177,19535,426.307132739188,10066,1366,1479,32.2758254067703,0.0136858683243477,5402.66276993018,10795,235.576426819531,869.503573180469,0.76,0.346,0.392832148031469,0.786824097061271,0,0,0.786824097061271,1.78682409706127
76001,76,"Valle del Cauca","Cali","2021",2271293,4613764,2191808,2421956,1827583,811399,1016184,0.0471794871794872,4717.94871794872,645,510,1155,25.03,1139,62.3227508682232,7516,1016,813,19823,24209,524.712577409681,10545,1664,36.0659973071878,19551,423.753794082229,9011,1056,929,20.135403544698,0.0132464572060476,4770.95295138172,11032,239.110626377942,865.969373622058,0.956,0.31,0.396115405989556,0.783625957959657,0,0,0.783625957959657,1.78362595795966
76001,76,"Valle del Cauca","Cali","2022",2276124,4626064,2196621,2429443,1848092,818771,1029321,0.0584349593495935,5843.49593495935,756,716,1472,31.82,1458,78.8921763635144,5233,874,554,17196,19400,419.36298330503,9308,2320,50.1506248076118,17023,367.980209525852,6347,1024,1243,26.8694942395955,0.0104973129043359,7587.62886597938,17303,374.032871140564,731.047128859436,0.947,0.269,0.399495553887711,0.661533218282329,0,0,0.661533218282329,1.66153321828233
76001,76,"Valle del Cauca","Cali","2023",2280522,4638029,2201719,2436310,1870761,827566,1043195,0.0522875816993464,5228.75816993464,752,647,1399,30.16,1377,73.6064093703044,7037,711,534,17759,20612,444.412917642387,9574,2933,63.2380694471725,17577,378.97563814284,7867,1055,1191,25.679011493891,0.0110179761070495,6787.30836405977,14888,320.998424115071,784.081575884929,0.973,0.306,0.403352587920429,0.709524718468282,0,0,0.709524718468282,1.70952471846828
97001,97,"Vaupés","Mitú","2020",31485,43188,22624,20564,7771,4107,3664,0.1875,18750,2,0,2,4.63,2,25.7367134216961,4,3,6,27,29,67.1482819301658,25,0,0,27,62.5173659349819,11,3,2,4.63091599518385,0.00373182344614593,6896.55172413793,0,0,1105.08,0.264,0.656,0.179934240992868,1,0,0.655367416511019,1.65536741651102,2.65536741651102
97001,97,"Vaupés","Mitú","2021",32301,44378,23217,21161,7977,4216,3761,0.147058823529412,14705.8823529412,0,1,1,2.25,1,12.5360411182149,5,5,5,37,37,83.3746450944162,33,0,0,36,81.1212763080806,9,1,5,11.2668439316779,0.0046383352137395,2702.7027027027,0,0,1105.08,0.201,0.527,0.179751228085989,1,0,0.572087051069326,1.57208705106933,2.57208705106933
97001,97,"Vaupés","Mitú","2022",33167,45579,23824,21755,8205,4333,3872,0.138888888888889,13888.8888888889,2,0,2,4.39,2,24.375380865326,10,6,6,52,57,125.057592312249,48,2,4.38798569516663,52,114.087628074332,15,1,6,13.1639570854999,0.00694698354661792,3508.77192982456,20,43.8798569516663,1061.20014304833,0.225,0.471,0.180017113144211,0.960292596959798,0,0.358153032592778,1.31844562955258,2.31844562955258
97001,97,"Vaupés","Mitú","2023",34037,46777,24433,22344,8435,4453,3982,0.210526315789474,21052.6315789474,5,4,9,19.24,9,106.69828097214,11,6,9,45,46,98.3389272505719,42,2,4.27560553263356,45,96.2011244842551,17,3,4,8.55121106526712,0.00545346769413159,19565.2173913043,35,74.8230968210873,1030.25690317891,0.206,0.557,0.18032366333882,0.932291692166099,1.3019433206783,0.495284204126831,2.72951921697123,3.72951921697123
99001,99,"Vichada","Puerto Carreño","2020",21339,115196,60703,54493,25225,13806,11419,0.0235294117647059,2352.94117647059,7,1,8,6.94,7,27.7502477700694,6,0,0,85,89,77.2596270703844,14,1,0.868085697420049,83,72.0511128858641,6,8,6,5.2085141845203,0.00352824578790882,8988.76404494382,0,0,1105.08,0.275,0.756,0.218974617174207,1,0.0575719625588198,0.60347183708508,1.6610437996439,2.6610437996439
99001,99,"Vichada","Puerto Carreño","2021",21389,118270,62124,56146,26381,14349,12032,0.0344827586206897,3448.27586206897,2,5,7,5.92,7,26.5342481331261,9,0,0,65,68,57.4955610044813,18,0,0,64,54.1134691806883,9,6,5,4.22761477974127,0.00257761267578939,10294.1176470588,4,3.38209182379302,1101.69790817621,0.246,0.648,0.223057411008709,0.996939504991681,0.211153185062763,0.704909147955116,1.91300183800956,2.91300183800956
99001,99,"Vichada","Puerto Carreño","2022",21868,120942,63290,57652,27441,14821,12620,0.0112359550561798,1123.59550561798,5,4,9,7.44,6,21.8650923800153,7,4,2,74,80,66.1474095020754,20,1,0.826842618775942,72,59.5326685518678,11,3,8,6.61474095020754,0.00291534565066871,11250,8,6.61474095020754,1098.46525904979,0.388,0.754,0.226893883018306,0.994014242452847,0.323617409390023,0.660504305210486,1.97813595705336,2.97813595705336
99001,99,"Vichada","Puerto Carreño","2023",22218,123304,64301,59003,28430,15254,13176,0.0333333333333333,3333.33333333333,3,0,3,2.43,3,10.5522335561027,15,3,2,52,61,49.4712255887887,11,0,0,50,40.5501849088432,17,7,5,4.05501849088432,0.00214562082307422,4918.03278688525,13,10.5430480762992,1094.5369519237,0.271,0.654,0.230568351391682,0.990459470738499,0,0.746093335630511,1.73655280636901,2.73655280636901
